0,0,,0,0,,0,0,,,0.031574933,0,0,,0,0,,,,
0,0,,0.007732086,0.034351861,,0,0,,,,-0.023842847,0.006427492,,0,0,,,,
0,0,,0.034811459,0.0315973,,0,0,,,0.027907728,0.003236526,0.003672931,,0,0,,,,
0,0,,0.022776455,0.013615496,,0,0,,,,-0.008798478,-0.014308873,,0,0,,,,
0,0,,0.024307319,0.0316847,,0,0,,,,-0.007267614,0.003760331,,0,0,,,,
0,0,,0.02653738,0.024220143,,0,0,,,,-0.005037553,-0.003704226,,0,0,,,,
0,0,,0.04055289,0.029105504,,0,0,,,,0.008977957,0.001181135,,0,0,,,,
0,0,,0.021610486,0.03682394,,0,0,,,,-0.009964447,0.008899571,,0,0,,,,
0,0,,0.029230215,0.040040126,,0,0,,,,-0.002344718,0.012115757,,0,0,,,,
0,0,,0.052093492,0.014338084,,0,0,,,,0.020518559,-0.013586285,,0,0,,,,
0,0,,0.051937574,0.036876122,,0,0,,,,0.020362641,0.008951753,,0,0,,,,
0,0,,0.03702624,0.016821667,,0,0,,,,0.005451307,-0.011102702,,0,0,,,,
0,0,,0.025562824,0.033208167,,0,0,,,,-0.006012109,0.005283798,,0,0,,,,
0,0,,0.018349409,0.032209592,,0,0,,,,-0.013225524,0.004285223,,0,0,,,,
0,0,,0.032579569,0.044949102,,0,0,,,,0.001004636,0.017024733,,0,0,,,,
0,0,,0.02828166,0.047110996,,0,0,,,,-0.003293273,0.019186627,,0,0,,,,
0,0,,0.042470573,0.031002952,,0,0,,,,0.01089564,0.003078583,,0,0,,,,
0,0,,0.029722045,0.014066162,,0,0,,,,-0.001852888,-0.013858207,,0,0,,,,
0,0,,0.020333415,0.030486184,,0,0,,,,-0.011241518,0.002561815,,0,0,,,,
0,0,,0.029570166,0.025421883,,0,0,,,,-0.002004767,-0.002502486,,0,0,,,,
0,0,,0.042363774,0.030987857,,0,0,,,,0.010788841,0.003063488,,0,0,,,,
0,0,,0.023702535,0.024355857,,0,0,,,,-0.007872398,-0.003568512,,0,0,,,,
0,0,,0.019021375,0.022882476,,0,0,,,,-0.012553558,-0.005041893,,0,0,,,,
0,0,,0.026887614,0.023842957,,0,0,,,,-0.004687319,-0.004081412,,0,0,,,,
0,0,,0.038472633,0.022057795,,0,0,,,,0.0068977,-0.005866574,,0,0,,,,
0,0,,0.021373392,0.022747512,,0,0,,,,-0.010201541,-0.005176857,,0,0,,,,
0,0,,0.037252448,8.97E-05,,0,0,,,,0.005677515,-0.027834669,,0,0,,,,
0,0,,0.032156578,0.038017402,,0,0,,,,0.000581645,0.010093033,,0,0,,,,
0,0,,0.026981109,0.023005404,,0,0,,,,-0.004593824,-0.004918965,,0,0,,,,
0,0,,0.020196716,0.044396982,,0,0,,,,-0.011378217,0.016472613,,0,0,,,,
0,0,,0.031924969,0.038593113,,0,0,,,,0.000350036,0.010668744,,0,0,,,,
0,0,,0.026065941,0.019685745,,0,0,,,,-0.005508992,-0.008238624,,0,0,,,,
0,0,,0.040733868,0.015926226,,0,0,,,,0.009158935,-0.011998143,,0,0,,,,
0,0,,0.043947079,0.023281817,,0,0,,,,0.012372146,-0.004642552,,0,0,,,,
0,0,,0.025620545,0.01343776,,0,0,,,,-0.005954388,-0.014486609,,0,0,,,,
0,0,,0.040246556,0.027853384,,0,0,,,,0.008671623,-7.0985E-05,,0,0,,,,
0,0,,0.036066402,0.017884439,,0,0,,,,0.004491469,-0.01003993,,0,0,,,,
0,0,,0.016280926,0.03168848,,0,0,,,,-0.015294007,0.003764111,,0,0,,,,
0,0,,0.038934887,0.025588924,,0,0,,,,0.007359954,-0.002335445,,0,0,,,,
0,0,,0.027275445,0.016656705,,0,0,,,,-0.004299488,-0.011267664,,0,0,,,,
0,0,,0.018796638,0.035818655,,0,0,,,,-0.012778295,0.007894286,,0,0,,,,
0,0,,0.042557036,0.033637921,,0,0,,,,0.010982103,0.005713552,,0,0,,,,
0,0,,0.028593529,0.013646614,,0,0,,,,-0.002981404,-0.014277755,,0,0,,,,
0,0,,0.029309695,0.01622147,,0,0,,,,-0.002265238,-0.011702899,,0,0,,,,
0,0,,0.0227157,0.036018153,,0,0,,,,-0.008859233,0.008093784,,0,0,,,,
0,0,,0.028086794,0.018027377,,0,0,,,,-0.003488139,-0.009896992,,0,0,,,,
0,0,,0.013097918,0.022421129,,0,0,,,,-0.018477015,-0.00550324,,0,0,,,,
0,0,,0.040976044,0.038110063,,0,0,,,,0.009401111,0.010185694,,0,0,,,,
0,0,,0.022962632,0.024316241,,0,0,,,,-0.008612301,-0.003608128,,0,0,,,,
0,0,,0.037089309,0.027473252,,0,0,,,,0.005514376,-0.000451117,,0,0,,,,
0,0,,0.042214587,0.041565316,,0,0,,,,0.010639654,0.013640947,,0,0,,,,
0,0,,0.031035928,0.018684883,,0,0,,,,-0.000539005,-0.009239486,,0,0,,,,
0,0,,0.010865944,0.031830666,,0,0,,,,-0.020708989,0.003906297,,0,0,,,,
0,0,,0.035396785,0.015729939,,0,0,,,,0.003821852,-0.01219443,,0,0,,,,
0,0,,0.03490127,0.028778889,,0,0,,,,0.003326337,0.00085452,,0,0,,,,
0,0,,0.053374551,0.027369721,,0,0,,,,0.021799618,-0.000554648,,0,0,,,,
0,0,,0.037799804,0.009518271,,0,0,,,,0.006224871,-0.018406098,,0,0,,,,
0,0,,0.013743944,0.021216758,,0,0,,,,-0.017830989,-0.006707611,,0,0,,,,
0,0,,0.038695103,0.032206105,,0,0,,,,0.00712017,0.004281736,,0,0,,,,
0,0,,0.017757691,0.031988863,,0,0,,,,-0.013817242,0.004064494,,0,0,,,,
0,0,,0.015838423,0.014783248,,0,0,,,,-0.01573651,-0.013141121,,0,0,,,,
0,0,,0.040026592,0.023995586,,0,0,,,,0.008451659,-0.003928783,,0,0,,,,
0,0,,0.026388994,0.02664093,,0,0,,,,-0.005185939,-0.001283439,,0,0,,,,
0,0,,0.032358164,0.041491647,,0,0,,,,0.000783231,0.013567278,,0,0,,,,
0,0,,0.036131029,0.004609732,,0,0,,,,0.004556096,-0.023314637,,0,0,,,,
0,0,,0.023934575,0.015184992,,0,0,,,,-0.007640358,-0.012739377,,0,0,,,,
0,0,,0.027804865,0.008969817,,0,0,,,,-0.003770068,-0.018954552,,0,0,,,,
0,0,,0.027347958,0.039059867,,0,0,,,,-0.004226975,0.011135498,,0,0,,,,
0,0,,0.036567752,0.03730814,,0,0,,,,0.004992819,0.009383771,,0,0,,,,
0,0,,0.018812583,0.015710245,,0,0,,,,-0.01276235,-0.012214124,,0,0,,,,
0,0,,0.026212771,0.034615424,,0,0,,,,-0.005362162,0.006691055,,0,0,,,,
0,0,,0.029393276,0.022712748,,0,0,,,,-0.002181657,-0.005211621,,0,0,,,,
0,0,,0.028208401,0.01965776,,0,0,,,,-0.003366532,-0.008266609,,0,0,,,,
0,0,,0.021485695,0.016413712,,0,0,,,,-0.010089238,-0.011510657,,0,0,,,,
0,0,,0.040988933,0.011199692,,0,0,,,,0.009414,-0.016724677,,0,0,,,,
0,0,,0.028748954,0.030472555,,0,0,,,,-0.002825979,0.002548186,,0,0,,,,
0,0,,0.028271818,0.028029187,,0,0,,,,-0.003303115,0.000104818,,0,0,,,,
0,0,,0.048155544,0.033028713,,0,0,,,,0.016580611,0.005104344,,0,0,,,,
0,0,,0.025683276,0.027314834,,0,0,,,,-0.005891657,-0.000609535,,0,0,,,,
0,0,,0.047373705,0.035673713,,0,0,,,,0.015798772,0.007749344,,0,0,,,,
0,0,,0.027937085,0.034266228,,0,0,,,,-0.003637848,0.006341859,,0,0,,,,
0,0,,0.033150528,0.027930664,,0,0,,,,0.001575595,6.295E-06,,0,0,,,,
0,0,,0.036510681,0.037786855,,0,0,,,,0.004935748,0.009862486,,0,0,,,,
0,0,,0.035657812,0.024117663,,0,0,,,,0.004082879,-0.003806706,,0,0,,,,
0,0,,0.007434018,0.016276171,,0,0,,,,-0.024140915,-0.011648198,,0,0,,,,
0,0,,0.044803825,0.029540719,,0,0,,,,0.013228892,0.00161635,,0,0,,,,
0,0,,0.044075745,0.021501915,,0,0,,,,0.012500812,-0.006422454,,0,0,,,,
0,0,,0.046526601,0.018169611,,0,0,,,,0.014951668,-0.009754758,,0,0,,,,
0,0,,0.02679017,0.032538147,,0,0,,,,-0.004784763,0.004613778,,0,0,,,,
0,0,,0.018644658,0.020981277,,0,0,,,,-0.012930275,-0.006943092,,0,0,,,,
0,0,,0.025087054,0.013802202,,0,0,,,,-0.006487879,-0.014122167,,0,0,,,,
0,0,,0.020275117,0.040576429,,0,0,,,,-0.011299816,0.01265206,,0,0,,,,
0,0,,0.049189692,0.025229949,,0,0,,,,0.017614759,-0.00269442,,0,0,,,,
0,0,,0.036920472,0.040793928,,0,0,,,,0.005345539,0.012869559,,0,0,,,,
0,0,,0.023787099,0.03026011,,0,0,,,,-0.007787834,0.002335741,,0,0,,,,
0,0,,0.029606474,0.037196601,,0,0,,,,-0.001968459,0.009272232,,0,0,,,,
0,0,,0.026682724,0.037504501,,0,0,,,,-0.004892209,0.009580132,,0,0,,,,
0,0,,0.036857029,0.026370007,,0,0,,,,0.005282096,-0.001554362,,0,0,,,,
0,0,,0.037672314,0.029603604,,0,0,,,,0.006097381,0.001679235,,0,0,,,,
0,0,,0.038821611,0.036740414,,0,0,,,,0.007246678,0.008816045,,0,0,,,,
0,0,,0.023258681,0.044555532,,0,0,,,,-0.008316252,0.016631163,,0,0,,,,
0,0,,0.043418637,0.034826089,,0,0,,,,0.011843704,0.00690172,,0,0,,,,
0,0,,0.02572494,0.029192573,,0,0,,,,-0.005849993,0.001268204,,0,0,,,,
0,0,,0.049954493,0.030835567,,0,0,,,,0.01837956,0.002911198,,0,0,,,,
0,0,,0.026062579,0.018879931,,0,0,,,,-0.005512354,-0.009044438,,0,0,,,,
0,0,,0.035360479,0.015409429,,0,0,,,,0.003785546,-0.01251494,,0,0,,,,
0,0,,0.02294716,0.013515763,,0,0,,,,-0.008627773,-0.014408606,,0,0,,,,
0,0,,0.029249007,0.024649122,,0,0,,,,-0.002325926,-0.003275247,,0,0,,,,
0,0,,0.024470378,0.025504659,,0,0,,,,-0.007104555,-0.00241971,,0,0,,,,
0,0,,0.022215819,0.027506313,,0,0,,,,-0.009359114,-0.000418056,,0,0,,,,
0,0,,0.032641453,0.040407346,,0,0,,,,0.00106652,0.012482977,,0,0,,,,
0,0,,0.040565502,0.03886146,,0,0,,,,0.008990569,0.010937091,,0,0,,,,
0,0,,0.02180198,0.028286336,,0,0,,,,-0.009772953,0.000361967,,0,0,,,,
0,0,,0.018449525,0.015090094,,0,0,,,,-0.013125408,-0.012834275,,0,0,,,,
0,0,,0.032928792,0.01250764,,0,0,,,,0.001353859,-0.015416729,,0,0,,,,
0,0,,0.028703731,0.042077263,,0,0,,,,-0.002871202,0.014152894,,0,0,,,,
0,0,,0.035190624,0.016245502,,0,0,,,,0.003615691,-0.011678867,,0,0,,,,
0,0,,0.052312621,0.027667903,,0,0,,,,0.020737688,-0.000256466,,0,0,,,,
0,0,,0.030493755,0.039054728,,0,0,,,,-0.001081178,0.011130359,,0,0,,,,
0,0,,0.024298287,0.008188355,,0,0,,,,-0.007276646,-0.019736014,,0,0,,,,
0,0,,0.03862795,0.03186263,,0,0,,,,0.007053017,0.003938261,,0,0,,,,
0,0,,0.03579002,0.023735528,,0,0,,,,0.004215087,-0.004188841,,0,0,,,,
0,0,,0.043652949,0.032606627,,0,0,,,,0.012078016,0.004682258,,0,0,,,,
0,0,,0.056469983,0.028986584,,0,0,,,,0.02489505,0.001062215,,0,0,,,,
0,0,,0.02545894,0.030526803,,0,0,,,,-0.006115993,0.002602434,,0,0,,,,
0,0,,0.034577724,0.013760075,,0,0,,,,0.003002791,-0.014164294,,0,0,,,,
0,0,,0.012111424,0.041869329,,0,0,,,,-0.019463509,0.01394496,,0,0,,,,
0,0,,0.032410829,0.022172665,,0,0,,,,0.000835896,-0.005751704,,0,0,,,,
0,0,,0.038285267,0.019193005,,0,0,,,,0.006710334,-0.008731364,,0,0,,,,
0,0,,0.018797774,0.023292172,,0,0,,,,-0.012777159,-0.004632197,,0,0,,,,
0,0,,0.039289061,0.021869177,,0,0,,,,0.007714128,-0.006055192,,0,0,,,,
0,0,,0.030012635,0.020702611,,0,0,,,,-0.001562298,-0.007221758,,0,0,,,,
0,0,,0.041003591,0.020071085,,0,0,,,,0.009428658,-0.007853284,,0,0,,,,
0.37037037,0,,37.46826457,0.019190742,,37.037037,0,,,,37.43668964,-0.008733627,,37.037037,0,,,,
0.252400604,0,,25.53851789,0.054245032,,25.2400604,0,,,,25.50694296,0.026320663,,25.2400604,0,,,,
0.222486403,0,,22.52624145,0.043075251,,22.2486403,0,,,,22.49466652,0.015150882,,22.2486403,0,,,,
0.196117644,0,,19.86594002,0.030247357,,19.6117644,0,,,,19.83436509,0.002322988,,19.6117644,0,,,,
0.172874072,0,,17.51900647,0.029462113,,17.2874072,0,,,,17.48743154,0.001537744,,17.2874072,0,,,,
0.152385292,0,,15.44159469,0.02274333,,15.2385292,0,,,,15.41001976,-0.005181039,,15.2385292,0,,,,
0.134324814,0,,13.60707868,0.036572632,,13.4324814,0,,,,13.57550375,0.008648263,,13.4324814,0,,,,
0.118404836,0,,12.00126285,0.013022515,,11.8404836,0,,,,11.96968792,-0.014901854,,11.8404836,0,,,,
0.10437167,0,,10.57785609,0.016320134,,10.437167,0,,,,10.54628116,-0.011604235,,10.437167,0,,,,
0.092001694,0,,9.340108821,0.00247013,,9.2001694,0,,,,9.308533888,-0.025454239,,9.2001694,0,,,,
0.08109779,0,,8.232679089,0.018041026,,8.109779,0,,,,8.201104156,-0.009883343,,8.109779,0,,,,
0.071486199,0,,7.261524004,0.034780062,,7.1486199,0,,,,7.229949071,0.006855693,,7.1486199,0,,,,
0.063013762,0,,6.420754889,0.035356632,,6.3013762,0,,,,6.389179956,0.007432263,,6.3013762,0,,,,
0.055545464,0,,5.657058373,0.025094358,,5.5545464,0,,,,5.62548344,-0.002830011,,5.5545464,0,,,,
0.048962297,0,,4.987707368,0.020436357,,4.8962297,0,,,,4.956132435,-0.007488012,,4.8962297,0,,,,
0.043159359,0,,4.386129167,0.020414307,,4.3159359,0,,,,4.354554234,-0.007510062,,4.3159359,0,,,,
0.038044175,0,,3.879170862,0.026596226,,3.8044175,0,,,,3.847595929,-0.001328143,,3.8044175,0,,,,
0.033535236,0,,3.414690329,0.040387872,,3.3535236,0,,,,3.383115396,0.012463503,,3.3535236,0,,,,
0.02956069,0,,3.035021664,0.023834194,,2.956069,0,,,,3.003446731,-0.004090175,,2.956069,0,,,,
0.0260572,0,,2.651464842,0.036260218,,2.60572,0,,,,2.619889909,0.008335849,,2.60572,0,,,,
0.02296894,0,,2.364298375,0.027245246,,2.296894,0,,,,2.332723442,-0.000679123,,2.296894,0,,,,
0.020246695,0,,2.082917401,0.028255898,,2.0246695,0,,,,2.051342468,0.000331529,,2.0246695,0,,,,
0.017847087,0,,1.853250359,0.021383099,,1.7847087,0,,,,1.821675426,-0.00654127,,1.7847087,0,,,,
0.015731876,0,,1.613434468,0.028665356,,1.5731876,0,,,,1.581859535,0.000740987,,1.5731876,0,,,,
0.013867358,0,,1.441307904,0.036722392,,1.3867358,0,,,,1.409732971,0.008798023,,1.3867358,0,,,,
0.012223819,0,,1.257763264,0.027462708,,1.2223819,0,,,,1.226188331,-0.000461661,,1.2223819,0,,,,
0.01077507,0,,1.126790601,0.026316759,,1.077507,0,,,,1.095215668,-0.00160761,,1.077507,0,,,,
0.009498025,0,,1.002522061,0.049928718,,0.9498025,0,,,,0.970947128,0.022004349,,0.9498025,0,,,,
0.008372333,0,,0.8723578,0.016619393,,0.8372333,0,,,,0.840782867,-0.011304976,,0.8372333,0,,,,
0.007380056,0,,0.780855467,0.025652235,,0.7380056,0,,,,0.749280534,-0.002272134,,0.7380056,0,,,,
0.006505383,0,,0.692531121,0.041107088,,0.6505383,0,,,,0.660956188,0.013182719,,0.6505383,0,,,,
0.005734375,0,,0.622842555,0.025948584,,0.5734375,0,,,,0.591267622,-0.001975785,,0.5734375,0,,,,
0.005054745,0,,0.547422842,0.030888323,,0.5054745,0,,,,0.515847909,0.002963954,,0.5054745,0,,,,
0.004455664,0,,0.474100709,0.037955397,,0.4455664,0,,,,0.442525776,0.010031028,,0.4455664,0,,,,
0.003927586,0,,0.43129614,0.033207288,,0.3927586,0,,,,0.399721207,0.005282919,,0.3927586,0,,,,
0.003462094,0,,0.367187731,0.042402823,,0.3462094,0,,,,0.335612798,0.014478454,,0.3462094,0,,,,
0.003051771,0,,0.326176834,0.022745327,,0.3051771,0,,,,0.294601901,-0.005179042,,0.3051771,0,,,,
0.002690081,0,,0.31218583,0.024828079,,0.2690081,0,,,,0.280610897,-0.00309629,,0.2690081,0,,,,
0.002371255,0,,0.264569109,0.014133224,,0.2371255,0,,,,0.232994176,-0.013791145,,0.2371255,0,,,,
0.002090219,0,,0.234844429,0.042078844,,0.2090219,0,,,,0.203269496,0.014154475,,0.2090219,0,,,,
0.001842488,0,,0.209682684,0.018832455,,0.1842488,0,,,,0.178107751,-0.009091914,,0.1842488,0,,,,
0.00162412,0,,0.198305401,0.042008226,,0.162412,0,,,,0.166730468,0.014083857,,0.162412,0,,,,
0.001431631,0,,0.181990342,0.027719103,,0.1431631,0,,,,0.150415409,-0.000205266,,0.1431631,0,,,,
0.001261957,0,,0.162981949,0.01775202,,0.1261957,0,,,,0.131407016,-0.010172349,,0.1261957,0,,,,
0.001112391,0,,0.146162084,0.046409138,,0.1112391,0,,,,0.114587151,0.018484769,,0.1112391,0,,,,
0.000980552,0,,0.128772072,0.033905299,,0.0980552,0,,,,0.097197139,0.00598093,,0.0980552,0,,,,
0.000864339,0,,0.128815279,0.025026532,,0.0864339,0,,,,0.097240346,-0.002897837,,0.0864339,0,,,,
0.000761898,0,,0.095183507,0.025041761,,0.0761898,0,,,,0.063608574,-0.002882608,,0.0761898,0,,,,
0.0006716,0,,0.093409097,0.025121777,,0.06716,0,,,,0.061834164,-0.002802592,,0.06716,0,,,,
0.000592002,0,,0.092115735,0.017309137,,0.0592002,0,,,,0.060540802,-0.010615232,,0.0592002,0,,,,
0.00052184,0,,0.090949656,0.032685828,,0.052184,0,,,,0.059374723,0.004761459,,0.052184,0,,,,
0.000459991,0,,0.08043756,0.023185458,,0.0459991,0,,,,0.048862627,-0.004738911,,0.0459991,0,,,,
0.000405474,0,,0.06684153,0.021732764,,0.0405474,0,,,,0.035266597,-0.006191605,,0.0405474,0,,,,
0.000357418,0,,0.076589017,0.025331482,,0.0357418,0,,,,0.045014084,-0.002592887,,0.0357418,0,,,,
0.000315058,0,,0.06958234,0.021654464,,0.0315058,0,,,,0.038007407,-0.006269905,,0.0315058,0,,,,
0.000277717,0,,0.044103331,0.045791069,,0.0277717,0,,,,0.012528398,0.0178667,,0.0277717,0,,,,
0.000244802,0,,0.057709808,0.026633967,,0.0244802,0,,,,0.026134875,-0.001290402,,0.0244802,0,,,,
0.000215789,0,,0.067652906,0.006949325,,0.0215789,0,,,,0.036077973,-0.020975044,,0.0215789,0,,,,
0.000190214,0,,0.066395503,0.011402189,,0.0190214,0,,,,0.03482057,-0.01652218,,0.0190214,0,,,,
0.00016767,0,,0.055804257,0.017178719,,0.016767,0,,,,0.024229324,-0.01074565,,0.016767,0,,,,
0.000147798,0,,0.056935582,0.039813037,,0.0147798,0,,,,0.025360649,0.011888668,,0.0147798,0,,,,
0.000130281,0,,0.036662786,0.021919876,,0.0130281,0,,,,0.005087853,-0.006004493,,0.0130281,0,,,,
0.000114841,0,,0.042788029,0.043559387,,0.0114841,0,,,,0.011213096,0.015635018,,0.0114841,0,,,,
0.00010123,0,,0.056192659,0.020717133,,0.010123,0,,,,0.024617726,-0.007207236,,0.010123,0,,,,
8.92E-05,0,,0.034391186,0.02782816,,0.0089232,0,,,,0.002816253,-9.6209E-05,,0.0089232,0,,,,
7.87E-05,0,,0.054639365,0.020416317,,0.0078656,0,,,,0.023064432,-0.007508052,,0.0078656,0,,,,
6.93E-05,0,,0.024941574,0.010695973,,0.0069335,0,,,,-0.006633359,-0.017228396,,0.0069335,0,,,,
6.11E-05,0,,0.043151838,0.01791745,,0.0061116,0,,,,0.011576905,-0.010006919,,0.0061116,0,,,,
5.39E-05,0,,0.019570463,0.034451291,,0.0053874,0,,,,-0.01200447,0.006526922,,0.0053874,0,,,,
4.75E-05,0,,0.045497984,0.029919269,,0.0047488,0,,,,0.013923051,0.0019949,,0.0047488,0,,,,
4.19E-05,0,,0.025332739,0.029222394,,0.004186,0,,,,-0.006242194,0.001298025,,0.004186,0,,,,
3.69E-05,0,,0.018417159,0.031641656,,0.0036899,0,,,,-0.013157774,0.003717287,,0.0036899,0,,,,
3.25E-05,0,,0.065840879,0.030044258,,0.0032526,0,,,,0.034265946,0.002119889,,0.0032526,0,,,,
2.87E-05,0,,0.051028061,0.028243472,,0.0028671,0,,,,0.019453128,0.000319103,,0.0028671,0,,,,
2.53E-05,0,,0.039074736,0.02906337,,0.0025273,0,,,,0.007499803,0.001139001,,0.0025273,0,,,,
2.23E-05,0,,0.051780449,0.025701292,,0.0022277,0,,,,0.020205516,-0.002223077,,0.0022277,0,,,,
1.96E-05,0,,0.03524288,0.031557226,,0.0019637,0,,,,0.003667947,0.003632857,,0.0019637,0,,,,
1.73E-05,0,,0.052120152,0.041959826,,0.001731,0,,,,0.020545219,0.014035457,,0.001731,0,,,,
1.53E-05,0,,0.047836212,0.029101038,,0.0015258,0,,,,0.016261279,0.001176669,,0.0015258,0,,,,
1.34E-05,0,,0.026774723,0.024459869,,0.001345,0,,,,-0.00480021,-0.0034645,,0.001345,0,,,,
1.19E-05,0,,0.031670642,0.033114013,,0.0011856,0,,,,9.5709E-05,0.005189644,,0.0011856,0,,,,
1.05E-05,0,,0.020315855,0.029562476,,0.0010451,0,,,,-0.011259078,0.001638107,,0.0010451,0,,,,
9.21E-06,0,,0.025446585,0.02097166,,0.0009212,0,,,,-0.006128348,-0.006952709,,0.0009212,0,,,,
8.12E-06,0,,0.03660555,0.050671687,,0.000812,0,,,,0.005030617,0.022747318,,0.000812,0,,,,
7.16E-06,0,,0.017138266,0.022821507,,0.0007158,0,,,,-0.014436667,-0.005102862,,0.0007158,0,,,,
6.31E-06,0,,0.033788443,0.041256419,,0.000631,0,,,,0.00221351,0.01333205,,0.000631,0,,,,
5.56E-06,0,,0.025212051,0.022719724,,0.0005561,0,,,,-0.006362882,-0.005204645,,0.0005561,0,,,,
4.90E-06,0,,0.025266844,0.044110676,,0.0004903,0,,,,-0.006308089,0.016186307,,0.0004903,0,,,,
4.32E-06,0,,0.047897476,0.018164609,,0.0004322,0,,,,0.016322543,-0.00975976,,0.0004322,0,,,,
3.81E-06,0,,0.044682099,0.022063115,,0.0003809,0,,,,0.013107166,-0.005861254,,0.0003809,0,,,,
3.36E-06,0,,0.016923624,0.033696053,,0.0003358,0,,,,-0.014651309,0.005771684,,0.0003358,0,,,,
2.96E-06,0,,0.039514196,0.039457193,,0.000296,0,,,,0.007939263,0.011532824,,0.000296,0,,,,
2.61E-06,0,,0.038592421,0.02159342,,0.0002609,0,,,,0.007017488,-0.006330949,,0.0002609,0,,,,
-0.370368071,0,,-37.40654902,0.026973442,,-37.0368071,0,,,,-37.43812395,-0.000950927,,-37.0368071,0,,,,
-0.326472595,0,,-32.97985444,0.029873643,,-32.6472595,0,,,,-33.01142937,0.001949274,,-32.6472595,0,,,,
-0.287779547,0,,-29.06132177,0.036362102,,-28.7779547,0,,,,-29.0928967,0.008437733,,-28.7779547,0,,,,
-0.253672342,0,,-25.6124269,0.022849593,,-25.3672342,0,,,,-25.64400183,-0.005074776,,-25.3672342,0,,,,
-0.223607471,0,,-22.56290549,0.017555603,,-22.3607471,0,,,,-22.59448042,-0.010368766,,-22.3607471,0,,,,
-0.197105845,0,,-19.88921526,0.026653451,,-19.7105845,0,,,,-19.92079019,-0.001270918,,-19.7105845,0,,,,
-0.173745153,0,,-17.53432752,0.031786737,,-17.3745153,0,,,,-17.56590245,0.003862368,,-17.3745153,0,,,,
-0.153153134,0,,-15.44305014,0.027824674,,-15.3153134,0,,,,-15.47462507,-9.9695E-05,,-15.3153134,0,,,,
-0.135001652,0,,-13.61055618,0.017032064,,-13.5001652,0,,,,-13.64213111,-0.010892305,,-13.5001652,0,,,,
-0.119001417,0,,-12.02344649,0.016849658,,-11.9001417,0,,,,-12.05502142,-0.011074711,,-11.9001417,0,,,,
-0.104893089,0,,-10.55510213,0.033468347,,-10.4893089,0,,,,-10.58667706,0.005543978,,-10.4893089,0,,,,
-0.092167915,0,,-9.288020038,0.041567929,,-9.2167915,0,,,,-9.319594971,0.01364356,,-9.2167915,0,,,,
-0.070514967,0,,-7.095999456,0.023491355,,-7.0514967,0,,,,-7.127574389,-0.004433014,,-7.0514967,0,,,,
0.011921489,0,,1.239892851,0.024074412,,1.1921489,0,,,,1.208317918,-0.003849957,,1.1921489,0,,,,
-0.000523729,2.22E-17,,-0.026943988,0.026091089,,-0.0523729,2.22E-15,,,,-0.058518921,-0.00183328,,-0.0523729,2.22E-15,,,,
-0.000461649,-6.66E-17,,-0.008279083,0.024224509,,-0.0461649,-6.66E-15,,,,-0.039854016,-0.00369986,,-0.0461649,-6.66E-15,,,,
-0.000406934,0,,-0.006755115,0.021058644,,-0.0406934,0,,,,-0.038330048,-0.006865725,,-0.0406934,0,,,,
-0.000358705,4.44E-17,,0.00197045,0.021165259,,-0.0358705,4.44E-15,,,,-0.029604483,-0.00675911,,-0.0358705,4.44E-15,,,,
-0.000316192,0,,0.020392481,0.044454406,,-0.0316192,0,,,,-0.011182452,0.016530037,,-0.0316192,0,,,,
-0.000278717,0,,-0.004264018,0.031633915,,-0.0278717,0,,,,-0.035838951,0.003709546,,-0.0278717,0,,,,
-0.000245684,-8.88E-17,,-0.004537122,0.026885434,,-0.0245684,-8.88E-15,,,,-0.036112055,-0.001038935,,-0.0245684,-8.88E-15,,,,
-0.000216566,0,,0.017713815,0.044108433,,-0.0216566,0,,,,-0.013861118,0.016184064,,-0.0216566,0,,,,
-0.000190899,8.88E-17,,0.015372667,0.032550558,,-0.0190899,8.88E-15,,,,-0.016202266,0.004626189,,-0.0190899,8.88E-15,,,,
-0.000168274,-8.88E-17,,5.48E-05,0.033541945,,-0.0168274,-8.88E-15,,,,-0.031520133,0.005617576,,-0.0168274,-8.88E-15,,,,
-0.00014833,8.88E-17,,0.017444264,0.023019445,,-0.014833,8.88E-15,,,,-0.014130669,-0.004904924,,-0.014833,8.88E-15,,,,
-0.000130751,0,,0.021066584,0.032865622,,-0.0130751,0,,,,-0.010508349,0.004941253,,-0.0130751,0,,,,
-0.000115254,8.88E-17,,0.020912717,0.030316814,,-0.0115254,8.88E-15,,,,-0.010662216,0.002392445,,-0.0115254,8.88E-15,,,,
-0.000101594,0,,0.034437641,0.027628005,,-0.0101594,0,,,,0.002862708,-0.000296364,,-0.0101594,0,,,,
-8.96E-05,-8.88E-17,,0.009591893,0.012327714,,-0.0089554,-8.88E-15,,,,-0.02198304,-0.015596655,,-0.0089554,-8.88E-15,,,,
-7.89E-05,0,,0.029613378,0.025713787,,-0.0078939,0,,,,-0.001961555,-0.002210582,,-0.0078939,0,,,,
-6.96E-05,0,,0.037103407,0.03520872,,-0.0069584,0,,,,0.005528474,0.007284351,,-0.0069584,0,,,,
-6.13E-05,8.88E-17,,0.013163798,0.008278889,,-0.0061337,8.88E-15,,,,-0.018411135,-0.01964548,,-0.0061337,8.88E-15,,,,
-5.41E-05,-1.78E-16,,0.03721961,0.007764421,,-0.0054068,-1.78E-14,,,,0.005644677,-0.020159948,,-0.0054068,-1.78E-14,,,,
-4.77E-05,8.88E-17,,0.034450284,0.027683172,,-0.0047659,8.88E-15,,,,0.002875351,-0.000241197,,-0.0047659,8.88E-15,,,,
-4.20E-05,0,,0.025705119,0.032318563,,-0.0042011,0,,,,-0.005869814,0.004394194,,-0.0042011,0,,,,
-3.70E-05,0,,0.036854493,0.047934318,,-0.0037032,0,,,,0.00527956,0.020009949,,-0.0037032,0,,,,
-3.26E-05,-8.88E-17,,0.029360833,0.019153987,,-0.0032643,-8.88E-15,,,,-0.0022141,-0.008770382,,-0.0032643,-8.88E-15,,,,
-2.88E-05,0,,0.035861182,0.033769907,,-0.0028774,0,,,,0.004286249,0.005845538,,-0.0028774,0,,,,
-2.54E-05,8.88E-17,,0.033838286,0.031544435,,-0.0025364,8.88E-15,,,,0.002263353,0.003620066,,-0.0025364,8.88E-15,,,,
-2.24E-05,8.88E-17,,0.0289523,0.026075607,,-0.0022357,8.88E-15,,,,-0.002622633,-0.001848762,,-0.0022357,8.88E-15,,,,
-1.97E-05,-8.88E-17,,0.023466968,0.042356033,,-0.0019708,-8.88E-15,,,,-0.008107965,0.014431664,,-0.0019708,-8.88E-15,,,,
-1.74E-05,8.88E-17,,0.038125935,0.024406931,,-0.0017372,8.88E-15,,,,0.006551002,-0.003517438,,-0.0017372,8.88E-15,,,,
-1.53E-05,-8.88E-17,,0.029878105,0.031067662,,-0.0015314,-8.88E-15,,,,-0.001696828,0.003143293,,-0.0015314,-8.88E-15,,,,
-1.35E-05,-8.88E-17,,0.012759469,0.004960681,,-0.0013498,-8.88E-15,,,,-0.018815464,-0.022963688,,-0.0013498,-8.88E-15,,,,
-1.19E-05,0,,0.029492694,0.027430909,,-0.0011894,0,,,,-0.002082239,-0.00049346,,-0.0011894,0,,,,
-1.05E-05,8.88E-17,,0.021220768,0.032938342,,-0.00105,8.88E-15,,,,-0.010354165,0.005013973,,-0.00105,8.88E-15,,,,
-9.20E-06,0,,0.039053773,0.030414,,-0.00092,0,,,,0.00747884,0.002489631,,-0.00092,0,,,,
-8.20E-06,0,,0.049411635,0.022149645,,-0.00082,0,,,,0.017836702,-0.005774724,,-0.00082,0,,,,
-7.20E-06,-4.44E-17,,0.023404592,0.026031107,,-0.00072,-4.44E-15,,,,-0.008170341,-0.001893262,,-0.00072,-4.44E-15,,,,0.027924369
-6.30E-06,4.44E-17,,0.03734977,0.022544759,,-0.00063,4.44E-15,,,,0.005774837,-0.00537961,,-0.00063,4.44E-15,,,,
-5.60E-06,0,,0.043720564,0.020844944,,-0.00056,0,,,,0.012145631,-0.007079425,,-0.00056,0,,,,
-4.90E-06,1.11E-17,,0.021688143,0.030165447,,-0.00049,1.11E-15,,,,-0.00988679,0.002241078,,-0.00049,1.11E-15,,,,
-4.30E-06,-2.22E-17,,0.029398626,0.017821375,,-0.00043,-2.22E-15,,,,-0.002176307,-0.010102994,,-0.00043,-2.22E-15,,,,
-3.90E-06,0.37037037,,0.02320512,37.42539406,,-0.00039,37.037037,,,,-0.008369813,37.39746969,,-0.00039,37.037037,,,,
-3.40E-06,0.252408374,,0.040758001,25.54517812,,-0.00034,25.2408374,,,,0.009183068,25.51725375,,-0.00034,25.2408374,,,,
-2.90E-06,0.222485482,,0.033184047,22.50878223,,-0.00029,22.2485482,,,,0.001609114,22.48085786,,-0.00029,22.2485482,,,,
-2.60E-06,0.196116833,,0.025020456,19.84427464,,-0.00026,19.6116833,,,,-0.006554477,19.81635027,,-0.00026,19.6116833,,,,
-2.30E-06,0.172873356,,0.043250935,17.48734556,,-0.00023,17.2873356,,,,0.011676002,17.45942119,,-0.00023,17.2873356,,,,
-2.10E-06,0.152384662,,0.039828924,15.42142839,,-0.00021,15.2384662,,,,0.008253991,15.39350402,,-0.00021,15.2384662,,,,
-1.80E-06,0.134324257,,0.034034941,13.62065561,,-0.00018,13.4324257,,,,0.002460008,13.59273124,,-0.00018,13.4324257,,,,
-1.60E-06,0.118404346,,0.041363551,11.98847096,,-0.00016,11.8404346,,,,0.009788618,11.96054659,,-0.00016,11.8404346,,,,
-1.30E-06,0.104371238,,0.026211022,10.54936587,,-0.00013,10.4371238,,,,-0.005363911,10.5214415,,-0.00013,10.4371238,,,,
-1.27E-06,0.092001313,,0.04328528,9.336211488,,-0.000127,9.2001313,,,,0.011710347,9.308287119,,-0.000127,9.2001313,,,,
-1.08E-06,0.081097454,,0.019925278,8.215815368,,-0.000108,8.1097454,,,,-0.011649655,8.187890999,,-0.000108,8.1097454,,,,
-9.60E-07,0.071485904,,0.023764006,7.245372068,,-9.60E-05,7.1485904,,,,-0.007810927,7.217447699,,-9.60E-05,7.1485904,,,,
-8.40E-07,0.063013501,,0.045697019,6.382006334,,-8.40E-05,6.3013501,,,,0.014122086,6.354081965,,-8.40E-05,6.3013501,,,,
-7.40E-07,0.055545234,,0.029899794,5.645646975,,-0.000074,5.5545234,,,,-0.001675139,5.617722606,,-0.000074,5.5545234,,,,
-6.50E-07,0.048962095,,0.034491495,4.959917532,,-6.50E-05,4.8962095,,,,0.002916562,4.931993163,,-6.50E-05,4.8962095,,,,
-5.80E-07,0.04315918,,0.019095543,4.389414593,,-0.000058,4.315918,,,,-0.01247939,4.361490224,,-0.000058,4.315918,,,,
-5.00E-07,0.038044018,,0.020005421,3.876021519,,-5.00E-05,3.8044018,,,,-0.011569512,3.84809715,,-5.00E-05,3.8044018,,,,
-4.50E-07,0.033535097,,0.023711577,3.410898564,,-4.50E-05,3.3535097,,,,-0.007863356,3.382974195,,-4.50E-05,3.3535097,,,,
-4.00E-07,0.029560567,,0.029440336,3.022559525,,-0.00004,2.9560567,,,,-0.002134597,2.994635156,,-0.00004,2.9560567,,,,
-3.40E-07,0.026057093,,0.029821241,2.64707666,,-3.40E-05,2.6057093,,,,-0.001753692,2.619152291,,-3.40E-05,2.6057093,,,,
-3.10E-07,0.022968844,,0.049163743,2.353820596,,-0.000031,2.2968844,,,,0.01758881,2.325896227,,-0.000031,2.2968844,,,,
-2.70E-07,0.020246611,,0.036026643,2.069362244,,-0.000027,2.0246611,,,,0.00445171,2.041437875,,-0.000027,2.0246611,,,,
-2.40E-07,0.017847013,,0.005131234,1.82921827,,-2.40E-05,1.7847013,,,,-0.026443699,1.801293901,,-2.40E-05,1.7847013,,,,
-2.10E-07,0.015731812,,0.042903825,1.619149001,,-2.10E-05,1.5731812,,,,0.011328892,1.591224632,,-2.10E-05,1.5731812,,,,
-1.80E-07,0.0138673,,0.032563831,1.452295668,,-0.000018,1.38673,,,,0.000988898,1.424371299,,-0.000018,1.38673,,,,
-1.70E-07,0.012223768,,0.036271108,1.27358682,,-1.70E-05,1.2223768,,,,0.004696175,1.245662451,,-1.70E-05,1.2223768,,,,
-1.40E-07,0.010775026,,0.029813274,1.107839003,,-0.000014,1.0775026,,,,-0.001761659,1.079914634,,-0.000014,1.0775026,,,,
-1.28E-07,0.009497985,,0.023833718,0.989851394,,-1.28E-05,0.9497985,,,,-0.007741215,0.961927025,,-1.28E-05,0.9497985,,,,
-1.11E-07,0.008372299,,0.029377559,0.870111231,,-0.0000111,0.8372299,,,,-0.002197374,0.842186862,,-0.0000111,0.8372299,,,,
-9.90E-08,0.007380025,,0.032590879,0.769122515,,-9.90E-06,0.7380025,,,,0.001015946,0.741198146,,-9.90E-06,0.7380025,,,,
-8.60E-08,0.006505357,,0.044423116,0.682252617,,-0.0000086,0.6505357,,,,0.012848183,0.654328248,,-0.0000086,0.6505357,,,,
-7.70E-08,0.005734351,,0.033894493,0.614151875,,-0.0000077,0.5734351,,,,0.00231956,0.586227506,,-0.0000077,0.5734351,,,,
-6.70E-08,0.005054724,,0.034653433,0.55583359,,-6.70E-06,0.5054724,,,,0.0030785,0.527909221,,-6.70E-06,0.5054724,,,,
-6.00E-08,0.004455646,,0.027367843,0.476264453,,-0.000006,0.4455646,,,,-0.00420709,0.448340084,,-0.000006,0.4455646,,,,
-5.20E-08,0.003927569,,0.031361231,0.428859858,,-5.20E-06,0.3927569,,,,-0.000213702,0.400935489,,-5.20E-06,0.3927569,,,,
-4.60E-08,0.003462079,,0.027579643,0.371644111,,-0.0000046,0.3462079,,,,-0.00399529,0.343719742,,-0.0000046,0.3462079,,,,
-4.10E-08,0.003051759,,0.044674348,0.348846587,,-0.0000041,0.3051759,,,,0.013099415,0.320922218,,-0.0000041,0.3051759,,,,
-3.60E-08,0.002690069,,0.02327351,0.292704843,,-0.0000036,0.2690069,,,,-0.008301423,0.264780474,,-0.0000036,0.2690069,,,,
-3.20E-08,-0.367999124,,0.031158781,-37.1370147,,-3.20E-06,-36.7999124,,,,-0.000416152,-37.16493907,,-3.20E-06,-36.7999124,,,,
-2.80E-08,-0.324384413,,0.041733249,-32.7435558,,-0.0000028,-32.4384413,,,,0.010158316,-32.77148017,,-0.0000028,-32.4384413,,,,
-2.40E-08,-0.285938853,,0.019926077,-28.85411188,,-2.40E-06,-28.5938853,,,,-0.011648856,-28.88203625,,-2.40E-06,-28.5938853,,,,
-2.20E-08,-0.252049804,,0.028863959,-25.44867598,,-0.0000022,-25.2049804,,,,-0.002710974,-25.47660035,,-0.0000022,-25.2049804,,,,
-1.90E-08,-0.222177235,,0.044557287,-22.41308705,,-1.90E-06,-22.2177235,,,,0.012982354,-22.44101142,,-1.90E-06,-22.2177235,,,,
-1.70E-08,-0.195845118,,0.06207489,-19.76243952,,-0.0000017,-19.5845118,,,,0.030499957,-19.79036389,,-0.0000017,-19.5845118,,,,
-1.50E-08,-0.172633844,,0.045719947,-17.42605942,,-1.50E-06,-17.2633844,,,,0.014145014,-17.45398379,,-1.50E-06,-17.2633844,,,,
-1.27E-08,-0.152173538,,0.046362627,-15.34387391,,-0.00000127,-15.2173538,,,,0.014787694,-15.37179828,,-0.00000127,-15.2173538,,,,
-1.15E-08,-0.134138154,,0.017126589,-13.51820359,,-0.00000115,-13.4138154,,,,-0.014448344,-13.54612796,,-0.00000115,-13.4138154,,,,
-1.02E-08,-0.11824025,,0.026172459,-11.9023249,,-1.02E-06,-11.824025,,,,-0.005402474,-11.93024927,,-1.02E-06,-11.824025,,,,
-9.00E-09,-0.104221002,,0.036577981,-10.50226902,,-0.0000009,-10.4221002,,,,0.005003048,-10.53019339,,-0.0000009,-10.4221002,,,,
-8.80E-09,-0.091510961,,0.020623812,-9.199991035,,-0.00000088,-9.1510961,,,,-0.010951121,-9.227915404,,-0.00000088,-9.1510961,,,,
-3.42E-08,-0.068096639,,0.014735109,-6.858454986,,-0.00000342,-6.8096639,,,,-0.016839824,-6.886379355,,-0.00000342,-6.8096639,,,,
-3.66E-08,0.014903429,,0.028818683,1.537545381,,-0.00000366,1.4903429,,,,-0.00275625,1.509621012,,-0.00000366,1.4903429,,,,
2.06E-08,-0.008746878,,0.036003636,-0.869059596,,0.000002055,-0.8746878,,,,0.004428703,-0.896983965,,0.000002055,-0.8746878,,,,
-1.20E-08,0.005208803,,0.032220279,0.562822315,,-0.000001204,0.5208803,,,,0.000645346,0.534897946,,-0.000001204,0.5208803,,,,
7.17E-09,-0.003116986,,0.033972797,-0.291998266,,0.000000717,-0.3116986,,,,0.002397864,-0.319922635,,0.000000717,-0.3116986,,,,
-4.29E-09,0.001868415,,0.043750356,0.22224945,,-0.000000429,0.1868415,,,,0.012175423,0.194325081,,-0.000000429,0.1868415,,,,
2.57E-09,-0.001120666,,0.025851689,-0.084794176,,2.57E-07,-0.1120666,,,,-0.005723244,-0.112718545,,2.57E-07,-0.1120666,,,,
-1.54E-09,0.000672317,,0.010129809,0.092571883,,-1.54E-07,0.0672317,,,,-0.021445124,0.064647514,,-1.54E-07,0.0672317,,,,
9.25E-10,-0.000403373,,0.024894368,0.003194188,,9.25E-08,-0.0403373,,,,-0.006680565,-0.024730181,,9.25E-08,-0.0403373,,,,
-5.55E-10,0.000242063,,0.034885559,0.052161637,,-5.55E-08,0.0242063,,,,0.003310626,0.024237268,,-5.55E-08,0.0242063,,,,
3.33E-10,-0.0001453,,0.014203839,0.007465577,,3.33E-08,-0.01453,,,,-0.017371094,-0.020458792,,3.33E-08,-0.01453,,,,
-2.00E-10,8.72E-05,,0.027999531,0.038438199,,-2.00E-08,0.00872,,,,-0.003575402,0.01051383,,-2.00E-08,0.00872,,,,
1.20E-10,-5.23E-05,,0.014488868,0.033418115,,1.20E-08,-0.00523,,,,-0.017086065,0.005493746,,1.20E-08,-0.00523,,,,
-7.19E-11,3.14E-05,,0.02539165,0.025136512,,-7.19E-09,0.00314,,,,-0.006183283,-0.002787857,,-7.19E-09,0.00314,,,,
4.32E-11,-1.89E-05,,0.017777278,0.039028819,,4.32E-09,-0.001886,,,,-0.013797655,0.01110445,,4.32E-09,-0.001886,,,,
-2.59E-11,1.13E-05,,0.029711151,0.021440662,,-2.59E-09,0.001129,,,,-0.001863782,-0.006483707,,-2.59E-09,0.001129,,,,
1.55E-11,-6.77E-06,,0.032388704,0.021591622,,1.55E-09,-0.000677,,,,0.000813771,-0.006332747,,1.55E-09,-0.000677,,,,
-9.31E-12,4.06E-06,,0.017403458,0.03853951,,-9.31E-10,0.000406,,,,-0.014171475,0.010615141,,-9.31E-10,0.000406,,,,
5.59E-12,-2.44E-06,,0.037432524,0.021490609,,5.59E-10,-0.0002435,,,,0.005857591,-0.00643376,,5.59E-10,-0.0002435,,,,
-3.36E-12,1.46E-06,,0.030482585,0.041600933,,-3.36E-10,0.0001464,,,,-0.001092348,0.013676564,,-3.36E-10,0.0001464,,,,
2.02E-12,-8.78E-07,,0.03664514,0.042194897,,2.02E-10,-8.78E-05,,,,0.005070207,0.014270528,,2.02E-10,-8.78E-05,,,,
-1.21E-12,5.27E-07,,0.031882987,0.012865362,,-1.21E-10,0.0000527,,,,0.000308054,-0.015059007,,-1.21E-10,0.0000527,,,,
7.25E-13,-3.17E-07,,0.036435274,0.033910551,,7.25E-11,-0.0000317,,,,0.004860341,0.005986182,,7.25E-11,-0.0000317,,,,
-4.35E-13,1.90E-07,,0.041435955,0.03430099,,-4.35E-11,0.00001901,,,,0.009861022,0.006376621,,-4.35E-11,0.00001901,,,,
2.61E-13,-1.14E-07,,0.048707328,0.023666555,,2.61E-11,-0.00001138,,,,0.017132395,-0.004257814,,2.61E-11,-0.00001138,,,,
-1.57E-13,6.83E-08,,0.033546069,0.023841958,,-1.57E-11,0.00000683,,,,0.001971136,-0.004082411,,-1.57E-11,0.00000683,,,,
9.39E-14,-4.10E-08,,0.043959908,0.043765578,,9.39E-12,-4.10E-06,,,,0.012384975,0.015841209,,9.39E-12,-4.10E-06,,,,
-5.63E-14,2.46E-08,,0.02841988,0.024538978,,-5.63E-12,2.46E-06,,,,-0.003155053,-0.003385391,,-5.63E-12,2.46E-06,,,,
3.38E-14,-1.48E-08,,0.035229685,0.037510423,,3.38E-12,-0.000001475,,,,0.003654752,0.009586054,,3.38E-12,-0.000001475,,,,
-2.03E-14,8.85E-09,,0.037151904,0.020196179,,-2.03E-12,0.000000885,,,,0.005576971,-0.00772819,,-2.03E-12,0.000000885,,,,
1.22E-14,-5.31E-09,,0.038529802,0.028825747,,1.22E-12,-0.000000531,,,,0.006954869,0.000901378,,1.22E-12,-0.000000531,,,,
-7.30E-15,3.18E-09,,0.032558588,0.035793946,,-7.30E-13,0.000000318,,,,0.000983655,0.007869577,,-7.30E-13,0.000000318,,,,
4.38E-15,-1.91E-09,,0.020529653,0.043133166,,4.38E-13,-1.91E-07,,,,-0.01104528,0.015208797,,4.38E-13,-1.91E-07,,,,
-2.63E-15,1.15E-09,,0.016337927,0.018353585,,-2.63E-13,1.15E-07,,,,-0.015237006,-0.009570784,,-2.63E-13,1.15E-07,,,,
1.58E-15,-6.88E-10,,0.033504128,0.023467699,,1.58E-13,-6.88E-08,,,,0.001929195,-0.00445667,,1.58E-13,-6.88E-08,,,,
-9.46E-16,4.13E-10,,0.036183201,0.021896636,,-9.46E-14,4.13E-08,,,,0.004608268,-0.006027733,,-9.46E-14,4.13E-08,,,,
5.68E-16,-2.48E-10,,0.020835915,0.027538665,,5.68E-14,-2.48E-08,,,,-0.010739018,-0.000385704,,5.68E-14,-2.48E-08,,,,
-3.41E-16,1.49E-10,,0.027423576,0.017578676,,-3.41E-14,1.49E-08,,,,-0.004151357,-0.010345693,,-3.41E-14,1.49E-08,,,,
2.05E-16,-8.91E-11,,0.034819924,0.043015701,,2.05E-14,-8.91E-09,,,,0.003244991,0.015091332,,2.05E-14,-8.91E-09,,,,
-1.23E-16,5.35E-11,,0.059260656,0.044470176,,-1.23E-14,5.35E-09,,,,0.027685723,0.016545807,,-1.23E-14,5.35E-09,,,,
7.36E-17,-3.21E-11,,0.029114108,0.045380458,,7.36E-15,-3.21E-09,,,,-0.002460825,0.017456089,,7.36E-15,-3.21E-09,,,,
-4.42E-17,1.92E-11,,0.031616037,0.031961812,,-4.42E-15,1.92E-09,,,,4.1104E-05,0.004037443,,-4.42E-15,1.92E-09,,,,
2.65E-17,-1.16E-11,,0.023125092,0.01503979,,2.65E-15,-1.16E-09,,,,-0.008449841,-0.012884579,,2.65E-15,-1.16E-09,,,,
-1.59E-17,6.93E-12,,0.028566521,0.027319569,,-1.59E-15,6.93E-10,,,,-0.003008412,-0.0006048,,-1.59E-15,6.93E-10,,,,
9.54E-18,-4.16E-12,,0.027252415,0.034880391,,9.54E-16,-4.16E-10,,,,-0.004322518,0.006956022,,9.54E-16,-4.16E-10,,,,
-5.73E-18,2.50E-12,,0.028911644,0.034392496,,-5.73E-16,2.50E-10,,,,-0.002663289,0.006468127,,-5.73E-16,2.50E-10,,,,
3.44E-18,-1.50E-12,,0.01993903,0.046719712,,3.44E-16,-1.50E-10,,,,-0.011635903,0.018795343,,3.44E-16,-1.50E-10,,,,
-2.06E-18,8.99E-13,,0.031159909,0.023373645,,-2.06E-16,8.99E-11,,,,-0.000415024,-0.004550724,,-2.06E-16,8.99E-11,,,,
1.24E-18,-5.39E-13,,0.040586838,0.046886233,,1.24E-16,-5.39E-11,,,,0.009011905,0.018961864,,1.24E-16,-5.39E-11,,,,
-7.42E-19,3.23E-13,,0.024629902,0.014990641,,-7.42E-17,3.23E-11,,,,-0.006945031,-0.012933728,,-7.42E-17,3.23E-11,,,,
4.45E-19,-1.94E-13,,0.032234358,0.025992533,,4.45E-17,-1.94E-11,,,,0.000659425,-0.001931836,,4.45E-17,-1.94E-11,,,,
-2.67E-19,1.17E-13,,0.04453353,0.014567401,,-2.67E-17,1.17E-11,,,,0.012958597,-0.013356968,,-2.67E-17,1.17E-11,,,,
1.60E-19,-6.99E-14,,0.040203752,0.025673606,,1.60E-17,-6.99E-12,,,,0.008628819,-0.002250763,,1.60E-17,-6.99E-12,,,,
-9.61E-20,4.19E-14,,0.027423196,0.014506662,,-9.61E-18,4.19E-12,,,,-0.004151737,-0.013417707,,-9.61E-18,4.19E-12,,,,
5.76E-20,-2.51E-14,,0.047222607,0.039574198,,5.76E-18,-2.51E-12,,,,0.015647674,0.011649829,,5.76E-18,-2.51E-12,,,,
-3.46E-20,1.51E-14,,0.021755928,0.053360169,,-3.46E-18,1.51E-12,,,,-0.009819005,0.0254358,,-3.46E-18,1.51E-12,,,,
2.08E-20,-9.06E-15,,0.035259831,0.037229154,,2.08E-18,-9.06E-13,,,,0.003684898,0.009304785,,2.08E-18,-9.06E-13,,,,
-1.25E-20,5.44E-15,,0.04017983,0.033459557,,-1.25E-18,5.44E-13,,,,0.008604897,0.005535188,,-1.25E-18,5.44E-13,,,,
7.47E-21,-3.26E-15,,0.036650526,0.035595711,,7.47E-19,-3.26E-13,,,,0.005075593,0.007671342,,7.47E-19,-3.26E-13,,,,
-4.48E-21,1.95E-15,,0.0394802,0.01978328,,-4.48E-19,1.95E-13,,,,0.007905267,-0.008141089,,-4.48E-19,1.95E-13,,,,
2.69E-21,-1.17E-15,,0.026017134,0.019786501,,2.69E-19,-1.17E-13,,,,-0.005557799,-0.008137868,,2.69E-19,-1.17E-13,,,,
-1.61E-21,7.04E-16,,0.033784774,0.024218229,,-1.62E-19,7.04E-14,,,,0.002209841,-0.00370614,,-1.62E-19,7.04E-14,,,,
9.68E-22,-4.22E-16,,0.0405498,0.036670686,,9.68E-20,-4.22E-14,,,,0.008974867,0.008746317,,9.68E-20,-4.22E-14,,,,
-5.81E-22,2.53E-16,,0.025381304,0.013409352,,-5.81E-20,2.53E-14,,,,-0.006193629,-0.014515017,,-5.81E-20,2.53E-14,,,,
3.49E-22,-1.52E-16,,0.050389234,0.020942705,,3.49E-20,-1.52E-14,,,,0.018814301,-0.006981664,,3.49E-20,-1.52E-14,,,,
-2.10E-22,9.12E-17,,0.026226831,0.021665467,,-2.10E-20,9.12E-15,,,,-0.005348102,-0.006258902,,-2.10E-20,9.12E-15,,,,
1.26E-22,-5.47E-17,,0.023590714,0.017710213,,1.26E-20,-5.47E-15,,,,-0.007984219,-0.010214156,,1.26E-20,-5.47E-15,,,,
-7.53E-23,3.28E-17,,0.043323002,0.028063602,,-7.53E-21,3.28E-15,,,,0.011748069,0.000139233,,-7.53E-21,3.28E-15,,,,
4.51E-23,-1.97E-17,,0.04215712,0.043225005,,4.51E-21,-1.97E-15,,,,0.010582187,0.015300636,,4.51E-21,-1.97E-15,,,,
-2.71E-23,1.18E-17,,0.018578315,0.033580462,,-2.71E-21,1.18E-15,,,,-0.012996618,0.005656093,,-2.71E-21,1.18E-15,,,,
1.63E-23,-7.10E-18,,0.039395476,0.046252675,,1.63E-21,-7.10E-16,,,,0.007820543,0.018328306,,1.63E-21,-7.10E-16,,,,
-9.76E-24,4.26E-18,,0.028825957,0.021115442,,-9.76E-22,4.26E-16,,,,-0.002748976,-0.006808927,,-9.76E-22,4.26E-16,,,,
5.86E-24,-2.56E-18,,0.014866317,0.025701389,,5.86E-22,-2.56E-16,,,,-0.016708616,-0.00222298,,5.86E-22,-2.56E-16,,,,
-3.52E-24,1.53E-18,,0.037623856,0.043530306,,-3.52E-22,1.53E-16,,,,0.006048923,0.015605937,,-3.52E-22,1.53E-16,,,,
2.11E-24,-9.20E-19,,0.041206401,0.02131951,,2.11E-22,-9.20E-17,,,,0.009631468,-0.006604859,,2.11E-22,-9.20E-17,,,,
-1.26E-24,5.52E-19,,0.015938711,0.024081553,,-1.27E-22,5.52E-17,,,,-0.015636222,-0.003842816,,-1.27E-22,5.52E-17,,,,
7.59E-25,-3.31E-19,,0.034701357,0.018338432,,7.59E-23,-3.31E-17,,,,0.003126424,-0.009585937,,7.59E-23,-3.31E-17,,,,
-4.56E-25,1.99E-19,,0.032729554,0.020080679,,-4.56E-23,1.99E-17,,,,0.001154621,-0.00784369,,-4.56E-23,1.99E-17,,,,
2.73E-25,-1.19E-19,,0.025535999,0.024979421,,2.73E-23,-1.19E-17,,,,-0.006038934,-0.002944948,,2.73E-23,-1.19E-17,,,,
-1.64E-25,7.15E-20,,0.028878423,0.02038415,,-1.64E-23,7.15E-18,,,,-0.00269651,-0.007540219,,-1.64E-23,7.15E-18,,,,
9.84E-26,-4.29E-20,,0.016120338,0.027319259,,9.84E-24,-4.29E-18,,,,-0.015454595,-0.00060511,,9.84E-24,-4.29E-18,,,,
-5.90E-26,2.58E-20,,0.034773455,0.041046588,,-5.90E-24,2.58E-18,,,,0.003198522,0.013122219,,-5.90E-24,2.58E-18,,,,
3.54E-26,-1.55E-20,,0.015923375,0.011409663,,3.54E-24,-1.55E-18,,,,-0.015651558,-0.016514706,,3.54E-24,-1.55E-18,,,,
-2.13E-26,9.27E-21,,0.032652135,0.036190842,,-2.13E-24,9.27E-19,,,,0.001077202,0.008266473,,-2.13E-24,9.27E-19,,,,
1.28E-26,-5.57E-21,,0.040566168,0.032764603,,1.28E-24,-5.57E-19,,,,0.008991235,0.004840234,,1.28E-24,-5.57E-19,,,,
-7.65E-27,3.34E-21,,0.034661613,0.04430241,,-7.65E-25,3.34E-19,,,,0.00308668,0.016378041,,-7.65E-25,3.34E-19,,,,
4.59E-27,-2.00E-21,,0.042072356,0.03496776,,4.59E-25,-2.00E-19,,,,0.010497423,0.007043391,,4.59E-25,-2.00E-19,,,,
-2.75E-27,1.20E-21,,0.045359704,0.015167675,,-2.75E-25,1.20E-19,,,,0.013784771,-0.012756694,,-2.75E-25,1.20E-19,,,,
1.65E-27,-7.20E-22,,0.025453788,0.035062122,,1.65E-25,-7.20E-20,,,,-0.006121145,0.007137753,,1.65E-25,-7.20E-20,,,,
-9.92E-28,4.32E-22,,0.0232692,0.031565159,,-9.92E-26,4.32E-20,,,,-0.008305733,0.00364079,,-9.92E-26,4.32E-20,,,,
5.95E-28,-2.59E-22,,0.033717204,0.034136501,,5.95E-26,-2.59E-20,,,,0.002142271,0.006212132,,5.95E-26,-2.59E-20,,,,
-3.57E-28,1.56E-22,,0.038012255,0.0318748,,-3.57E-26,1.56E-20,,,,0.006437322,0.003950431,,-3.57E-26,1.56E-20,,,,
2.14E-28,-9.34E-23,,0.041401364,0.021872355,,2.14E-26,-9.34E-21,,,,0.009826431,-0.006052014,,2.14E-26,-9.34E-21,,,,
-1.29E-28,5.60E-23,,0.041855292,0.030652145,,-1.29E-26,5.60E-21,,,,0.010280359,0.002727776,,-1.29E-26,5.60E-21,,,,
7.71E-29,-3.36E-23,,0.043706879,0.044149166,,7.71E-27,-3.36E-21,,,,0.012131946,0.016224797,,7.71E-27,-3.36E-21,,,,
-4.62E-29,2.02E-23,,0.029325955,0.029433582,,-4.62E-27,2.02E-21,,,,-0.002248978,0.001509213,,-4.62E-27,2.02E-21,,,,
2.77E-29,-1.21E-23,,0.023857895,0.024653045,,2.77E-27,-1.21E-21,,,,-0.007717038,-0.003271324,,2.77E-27,-1.21E-21,,,,
-1.66E-29,7.26E-24,,0.047641395,0.039421857,,-1.66E-27,7.26E-22,,,,0.016066462,0.011497488,,-1.66E-27,7.26E-22,,,,
9.99E-30,-4.35E-24,,0.030866134,0.042017963,,9.99E-28,-4.35E-22,,,,-0.000708799,0.014093594,,9.99E-28,-4.35E-22,,,,
-6.00E-30,2.61E-24,,0.030855113,0.033999892,,-6.00E-28,2.61E-22,,,,-0.00071982,0.006075523,,-6.00E-28,2.61E-22,,,,
3.60E-30,-1.57E-24,,0.035212654,0.031425699,,3.60E-28,-1.57E-22,,,,0.003637721,0.00350133,,3.60E-28,-1.57E-22,,,,
-2.16E-30,9.41E-25,,0.024918491,0.02672809,,-2.16E-28,9.41E-23,,,,-0.006656442,-0.001196279,,-2.16E-28,9.41E-23,,,,
1.30E-30,-5.65E-25,,0.040446542,0.043577605,,1.30E-28,-5.65E-23,,,,0.008871609,0.015653236,,1.30E-28,-5.65E-23,,,,
-7.77E-31,3.39E-25,,0.031669689,0.03939508,,-7.77E-29,3.39E-23,,,,9.4756E-05,0.011470711,,-7.77E-29,3.39E-23,,,,
4.66E-31,-2.03E-25,,0.023502775,0.028056977,,4.66E-29,-2.03E-23,,,,-0.008072158,0.000132608,,4.66E-29,-2.03E-23,,,,
-2.80E-31,1.22E-25,,0.033265394,0.027193627,,-2.80E-29,1.22E-23,,,,0.001690461,-0.000730742,,-2.80E-29,1.22E-23,,,,
1.68E-31,-7.33E-26,,0.023803012,0.038261755,,1.68E-29,-7.33E-24,,,,-0.007771921,0.010337386,,1.68E-29,-7.33E-24,,,,
-1.01E-31,4.40E-26,,0.037181676,0.033458546,,-1.01E-29,4.40E-24,,,,0.005606743,0.005534177,,-1.01E-29,4.40E-24,,,,
6.05E-32,-2.64E-26,,0.03863233,0.024947323,,6.05E-30,-2.64E-24,,,,0.007057397,-0.002977046,,6.05E-30,-2.64E-24,,,,
-3.63E-32,1.58E-26,,0.02118532,0.022361239,,-3.63E-30,1.58E-24,,,,-0.010389613,-0.00556313,,-3.63E-30,1.58E-24,,,,
2.18E-32,-9.49E-27,,0.029838304,0.024712633,,2.18E-30,-9.49E-25,,,,-0.001736629,-0.003211736,,2.18E-30,-9.49E-25,,,,
-1.31E-32,5.69E-27,,0.039826621,0.028474187,,-1.31E-30,5.69E-25,,,,0.008251688,0.000549818,,-1.31E-30,5.69E-25,,,,
7.83E-33,-3.41E-27,,0.046328045,0.032311843,,7.83E-31,-3.41E-25,,,,0.014753112,0.004387474,,7.83E-31,-3.41E-25,,,,
-4.70E-33,2.05E-27,,0.028891907,0.034797372,,-4.70E-31,2.05E-25,,,,-0.002683026,0.006873003,,-4.70E-31,2.05E-25,,,,
2.82E-33,-1.23E-27,,0.02384383,0.020787329,,2.82E-31,-1.23E-25,,,,-0.007731103,-0.00713704,,2.82E-31,-1.23E-25,,,,
-1.69E-33,7.38E-28,,0.038281911,0.034738964,,-1.69E-31,7.38E-26,,,,0.006706978,0.006814595,,-1.69E-31,7.38E-26,,,,
1.01E-33,-4.43E-28,,0.033135853,0.031039952,,1.01E-31,-4.43E-26,,,,0.00156092,0.003115583,,1.01E-31,-4.43E-26,,,,
-6.08E-34,2.66E-28,,0.009957312,0.022137642,,-6.08E-32,2.66E-26,,,,-0.021617621,-0.005786727,,-6.08E-32,2.66E-26,,,,
3.65E-34,-1.59E-28,,0.040049877,0.039351855,,3.65E-32,-1.59E-26,,,,0.008474944,0.011427486,,3.65E-32,-1.59E-26,,,,
-2.19E-34,9.57E-29,,0.029871656,0.027471638,,-2.19E-32,9.57E-27,,,,-0.001703277,-0.000452731,,-2.19E-32,9.57E-27,,,,
1.32E-34,-5.74E-29,,0.043949293,0.025477011,,1.32E-32,-5.74E-27,,,,0.01237436,-0.002447358,,1.32E-32,-5.74E-27,,,,
-7.89E-35,3.44E-29,,0.033095526,0.029225002,,-7.89E-33,3.44E-27,,,,0.001520593,0.001300633,,-7.89E-33,3.44E-27,,,,
4.74E-35,-2.06E-29,,0.035533704,0.017278384,,4.74E-33,-2.06E-27,,,,0.003958771,-0.010645985,,4.74E-33,-2.06E-27,,,,
-2.85E-35,1.24E-29,,0.04532017,0.032005395,,-2.85E-33,1.24E-27,,,,0.013745237,0.004081026,,-2.85E-33,1.24E-27,,,,
1.71E-35,-7.44E-30,,0.053320899,0.028632259,,1.71E-33,-7.44E-28,,,,0.021745966,0.00070789,,1.71E-33,-7.44E-28,,,,
-1.02E-35,4.46E-30,,0.027718533,0.016127372,,-1.02E-33,4.46E-28,,,,-0.0038564,-0.011796997,,-1.02E-33,4.46E-28,,,,
6.13E-36,-2.67E-30,,0.017397745,0.029796545,,6.13E-34,-2.67E-28,,,,-0.014177188,0.001872176,,6.13E-34,-2.67E-28,,,,
-3.68E-36,1.60E-30,,0.032470109,0.022540714,,-3.68E-34,1.60E-28,,,,0.000895176,-0.005383655,,-3.68E-34,1.60E-28,,,,
2.21E-36,-9.63E-31,,0.019132241,0.032889978,,2.21E-34,-9.63E-29,,,,-0.012442692,0.004965609,,2.21E-34,-9.63E-29,,,,
-1.33E-36,5.78E-31,,0.023781526,0.042166934,,-1.33E-34,5.78E-29,,,,-0.007793407,0.014242565,,-1.33E-34,5.78E-29,,,,
7.95E-37,-3.47E-31,,0.051035522,0.028896141,,7.95E-35,-3.47E-29,,,,0.019460589,0.000971772,,7.95E-35,-3.47E-29,,,,
-4.77E-37,2.08E-31,,0.043456837,0.044243767,,-4.77E-35,2.08E-29,,,,0.011881904,0.016319398,,-4.77E-35,2.08E-29,,,,
2.86E-37,-1.25E-31,,0.037557456,0.014267063,,2.86E-35,-1.25E-29,,,,0.005982523,-0.013657306,,2.86E-35,-1.25E-29,,,,
-1.71E-37,7.49E-32,,0.030767022,0.026151078,,-1.71E-35,7.49E-30,,,,-0.000807911,-0.001773291,,-1.71E-35,7.49E-30,,,,
1.03E-37,-4.50E-32,,0.034340147,0.026080151,,1.03E-35,-4.50E-30,,,,0.002765214,-0.001844218,,1.03E-35,-4.50E-30,,,,
